{"cameraMode":{"drawMode":0,"name":"Shaded","section":"Shading Mode"},"sceneLighting":false,"audioPlay":false,"sceneViewState":{"showFog":true,"showMaterialUpdate":false,"showSkybox":false,"showFlares":true,"showImageEffects":true,"showParticleSystems":true},"in2DMode":false,"pivot":{"x":1.7699999809265137,"y":1.0077999830245972,"z":-0.991100013256073},"rotation":{"x":-0.0031677514780312778,"y":0.9697766304016113,"z":-0.24381576478481294,"w":-0.01254773698747158},"size":2.8578836917877199,"orthographic":false}